{
  "atm": {
    "min": 182.55814751095238,
    "max": 10273.658176215715
  },
  "ice": {
    "min": 9.687607937619047,
    "max": 308.5970556361905
  },
  "lnd": {
    "min": 3.0579655623809523,
    "max": 190.09486099190477
  },
  "ocn": {
    "min": 194.3497608490476,
    "max": 12480.18858817619
  }
}